name,status,member,url
VALORANT / FREEFIRE VENDAS E TROCAS üíØ,C√¥ng khai,9800,https://www.facebook.com/groups/vendasetrocascfeff/?__tn__=%3C
Valorant NA ~ Server,C√¥ng khai,6100,https://www.facebook.com/groups/1444465822411268/?__tn__=%3C
Valorant NA,C√¥ng khai,1600,https://www.facebook.com/groups/3669186799821308/?__tn__=%3C
Valorant,C√¥ng khai,2200,https://www.facebook.com/groups/FeelTheFear.gaming/?__tn__=%3C
Valorant Latino,C√¥ng khai,8700,https://www.facebook.com/groups/ValorantLatino/?__tn__=%3C
VALORANT USA,C√¥ng khai,1900,https://www.facebook.com/groups/ValorantUSA/?__tn__=%3C
Valorant TW ÁâπÊà∞Ëã±Ë±™Âè∞Êúç‰∫§ÊòìÁ§æÂúò(Êî∂Ë≥º/Ë≤©ÂîÆ/‰∫§Êèõ Buy/Sell/Trade),C√¥ng khai,6500,https://www.facebook.com/groups/valorant0/?__tn__=%3C
Valorant Community,C√¥ng khai,6600,https://www.facebook.com/groups/171234599977636/?__tn__=%3C
Valorant,C√¥ng khai,3200,https://www.facebook.com/groups/valorantfps/?__tn__=%3C
Valorant PH (Buy Sell Trade),C√¥ng khai,2600,https://www.facebook.com/groups/valorantphbst/?__tn__=%3C
Valorant - North America,C√¥ng khai,313,https://www.facebook.com/groups/276191976904276/?__tn__=%3C
Valorant FR,C√¥ng khai,4700,https://www.facebook.com/groups/487518545768494/?__tn__=%3C
VALORANT AND APEX LEGENDS ACCOUNTS BUY/SELL/TRADE,C√¥ng khai,104,https://www.facebook.com/groups/200500576242896/?__tn__=%3C
Valorant LatinoAmerica,C√¥ng khai,897,https://www.facebook.com/groups/valorantlan/?__tn__=%3C
Valorant Argentina,C√¥ng khai,3600,https://www.facebook.com/groups/riotvalorantargentina/?__tn__=%3C
Valorant Streamers PH,C√¥ng khai,6300,https://www.facebook.com/groups/307284730418735/?__tn__=%3C
VALORANT ‰∫§ÊµÅÂçÄ Community„ÄêEN/CH„Äë,C√¥ng khai,1900,https://www.facebook.com/groups/valorantmych/?__tn__=%3C
Valorant Gamers Community,C√¥ng khai,7600,https://www.facebook.com/groups/valorantgamerscommunity/?__tn__=%3C
